ID,Nationality,Fixed_Name,Search_Name,Flag_URL
0,Afghanistan,Afghanistan,Afghanistan,https://upload.wikimedia.org/wikipedia/commons/thumb/5/5c/Flag_of_the_Taliban.svg/250px-Flag_of_the_Taliban.svg.png
1,Albania,Albania,Albania,https://upload.wikimedia.org/wikipedia/commons/thumb/3/36/Flag_of_Albania.svg/250px-Flag_of_Albania.svg.png
2,Algeria,Algeria,Algeria,https://upload.wikimedia.org/wikipedia/commons/thumb/7/77/Flag_of_Algeria.svg/250px-Flag_of_Algeria.svg.png
3,Angola,Angola,Angola,https://upload.wikimedia.org/wikipedia/commons/thumb/9/9d/Flag_of_Angola.svg/250px-Flag_of_Angola.svg.png
4,Antigua & Barbuda,Antigua and Barbuda,Antigua_and_Barbuda,https://upload.wikimedia.org/wikipedia/commons/thumb/8/89/Flag_of_Antigua_and_Barbuda.svg/250px-Flag_of_Antigua_and_Barbuda.svg.png
5,Argentina,Argentina,Argentina,https://upload.wikimedia.org/wikipedia/commons/thumb/1/1a/Flag_of_Argentina.svg/250px-Flag_of_Argentina.svg.png
6,Armenia,Armenia,Armenia,https://upload.wikimedia.org/wikipedia/commons/thumb/2/2f/Flag_of_Armenia.svg/250px-Flag_of_Armenia.svg.png
7,Australia,Australia,Australia,https://upload.wikimedia.org/wikipedia/commons/thumb/8/88/Flag_of_Australia_%28converted%29.svg/250px-Flag_of_Australia_%28converted%29.svg.png
8,Austria,Austria,Austria,https://upload.wikimedia.org/wikipedia/commons/thumb/4/41/Flag_of_Austria.svg/250px-Flag_of_Austria.svg.png
9,Azerbaijan,Azerbaijan,Azerbaijan,https://upload.wikimedia.org/wikipedia/commons/thumb/d/dd/Flag_of_Azerbaijan.svg/250px-Flag_of_Azerbaijan.svg.png
10,Barbados,Barbados,Barbados,https://upload.wikimedia.org/wikipedia/commons/thumb/e/ef/Flag_of_Barbados.svg/250px-Flag_of_Barbados.svg.png
11,Belarus,Belarus,Belarus,https://upload.wikimedia.org/wikipedia/commons/thumb/8/85/Flag_of_Belarus.svg/250px-Flag_of_Belarus.svg.png
12,Belgium,Belgium,Belgium,https://upload.wikimedia.org/wikipedia/commons/thumb/6/65/Flag_of_Belgium.svg/250px-Flag_of_Belgium.svg.png
13,Belize,Belize,Belize,https://upload.wikimedia.org/wikipedia/commons/thumb/e/e7/Flag_of_Belize.svg/250px-Flag_of_Belize.svg.png
14,Benin,Benin,Benin,https://upload.wikimedia.org/wikipedia/commons/thumb/0/0a/Flag_of_Benin.svg/250px-Flag_of_Benin.svg.png
15,Bermuda,Bermuda,Bermuda,https://upload.wikimedia.org/wikipedia/commons/thumb/b/bf/Flag_of_Bermuda.svg/250px-Flag_of_Bermuda.svg.png
16,Bolivia,Bolivia,Bolivia,https://upload.wikimedia.org/wikipedia/commons/thumb/4/48/Flag_of_Bolivia.svg/250px-Flag_of_Bolivia.svg.png
17,Bosnia Herzegovina,Bosnia and Herzegovina,Bosnia_and_Herzegovina,https://upload.wikimedia.org/wikipedia/commons/thumb/b/bf/Flag_of_Bosnia_and_Herzegovina.svg/250px-Flag_of_Bosnia_and_Herzegovina.svg.png
18,Brazil,Brazil,Brazil,https://upload.wikimedia.org/wikipedia/en/thumb/0/05/Flag_of_Brazil.svg/250px-Flag_of_Brazil.svg.png
19,Brunei Darussalam,Brunei,Brunei,https://upload.wikimedia.org/wikipedia/commons/thumb/9/9c/Flag_of_Brunei.svg/250px-Flag_of_Brunei.svg.png
20,Bulgaria,Bulgaria,Bulgaria,https://upload.wikimedia.org/wikipedia/commons/thumb/9/9a/Flag_of_Bulgaria.svg/250px-Flag_of_Bulgaria.svg.png
21,Burkina Faso,Burkina Faso,Burkina_Faso,https://upload.wikimedia.org/wikipedia/commons/thumb/3/31/Flag_of_Burkina_Faso.svg/250px-Flag_of_Burkina_Faso.svg.png
22,Burundi,Burundi,Burundi,https://upload.wikimedia.org/wikipedia/commons/thumb/5/50/Flag_of_Burundi.svg/250px-Flag_of_Burundi.svg.png
23,Cameroon,Cameroon,Cameroon,https://upload.wikimedia.org/wikipedia/commons/thumb/4/4f/Flag_of_Cameroon.svg/250px-Flag_of_Cameroon.svg.png
24,Canada,Canada,Canada,https://upload.wikimedia.org/wikipedia/commons/thumb/d/d9/Flag_of_Canada_%28Pantone%29.svg/250px-Flag_of_Canada_%28Pantone%29.svg.png
25,Cape Verde,Cape Verde,Cape_Verde,https://upload.wikimedia.org/wikipedia/commons/thumb/7/7a/Flag_of_Cape_Verde_%283-2%29.svg/250px-Flag_of_Cape_Verde_%283-2%29.svg.png
26,Central African Rep.,Central African Republic,Central_African_Republic,https://upload.wikimedia.org/wikipedia/commons/thumb/6/6f/Flag_of_the_Central_African_Republic.svg/250px-Flag_of_the_Central_African_Republic.svg.png
27,Chad,Chad,Chad,https://upload.wikimedia.org/wikipedia/commons/thumb/4/4b/Flag_of_Chad.svg/250px-Flag_of_Chad.svg.png
28,Chile,Chile,Chile,https://upload.wikimedia.org/wikipedia/commons/thumb/7/78/Flag_of_Chile.svg/250px-Flag_of_Chile.svg.png
29,China PR,China,China,https://upload.wikimedia.org/wikipedia/commons/thumb/f/fa/Flag_of_the_People%27s_Republic_of_China.svg/250px-Flag_of_the_People%27s_Republic_of_China.svg.png
30,Colombia,Colombia,Colombia,https://upload.wikimedia.org/wikipedia/commons/thumb/2/21/Flag_of_Colombia.svg/250px-Flag_of_Colombia.svg.png
31,Comoros,Comoros,Comoros,https://upload.wikimedia.org/wikipedia/commons/thumb/9/94/Flag_of_the_Comoros.svg/250px-Flag_of_the_Comoros.svg.png
32,Costa Rica,Costa Rica,Costa_Rica,https://upload.wikimedia.org/wikipedia/commons/thumb/f/f2/Flag_of_Costa_Rica.svg/250px-Flag_of_Costa_Rica.svg.png
33,Croatia,Croatia,Croatia,https://upload.wikimedia.org/wikipedia/commons/thumb/1/1b/Flag_of_Croatia.svg/250px-Flag_of_Croatia.svg.png
34,Cuba,Cuba,Cuba,https://upload.wikimedia.org/wikipedia/commons/thumb/b/bd/Flag_of_Cuba.svg/250px-Flag_of_Cuba.svg.png
35,Curacao,Curacao,Curacao,https://upload.wikimedia.org/wikipedia/commons/thumb/b/b1/Flag_of_Cura%C3%A7ao.svg/250px-Flag_of_Cura%C3%A7ao.svg.png
36,Cyprus,Cyprus,Cyprus,https://upload.wikimedia.org/wikipedia/commons/thumb/d/d4/Flag_of_Cyprus.svg/250px-Flag_of_Cyprus.svg.png
37,Czech Republic,Czech Republic,Czech_Republic,https://upload.wikimedia.org/wikipedia/commons/thumb/c/cb/Flag_of_the_Czech_Republic.svg/250px-Flag_of_the_Czech_Republic.svg.png
38,DR Congo,Democratic Republic of the Congo,Democratic_Republic_of_the_Congo,https://upload.wikimedia.org/wikipedia/commons/thumb/6/6f/Flag_of_the_Democratic_Republic_of_the_Congo.svg/250px-Flag_of_the_Democratic_Republic_of_the_Congo.svg.png
39,Denmark,Denmark,Denmark,https://upload.wikimedia.org/wikipedia/commons/thumb/9/9c/Flag_of_Denmark.svg/120px-Flag_of_Denmark.svg.png
40,Dominican Republic,Dominican Republic,Dominican_Republic,https://upload.wikimedia.org/wikipedia/commons/thumb/9/9f/Flag_of_the_Dominican_Republic.svg/250px-Flag_of_the_Dominican_Republic.svg.png
41,Ecuador,Ecuador,Ecuador,https://upload.wikimedia.org/wikipedia/commons/thumb/e/e8/Flag_of_Ecuador.svg/250px-Flag_of_Ecuador.svg.png
42,Egypt,Egypt,Egypt,https://upload.wikimedia.org/wikipedia/commons/thumb/f/fe/Flag_of_Egypt.svg/250px-Flag_of_Egypt.svg.png
43,El Salvador,El Salvador,El_Salvador,https://upload.wikimedia.org/wikipedia/commons/thumb/3/34/Flag_of_El_Salvador.svg/250px-Flag_of_El_Salvador.svg.png
44,England,England,England,https://upload.wikimedia.org/wikipedia/en/thumb/b/be/Flag_of_England.svg/250px-Flag_of_England.svg.png
45,Equatorial Guinea,Equatorial Guinea,Equatorial_Guinea,https://upload.wikimedia.org/wikipedia/commons/thumb/3/31/Flag_of_Equatorial_Guinea.svg/250px-Flag_of_Equatorial_Guinea.svg.png
46,Eritrea,Eritrea,Eritrea,https://upload.wikimedia.org/wikipedia/commons/thumb/2/29/Flag_of_Eritrea.svg/250px-Flag_of_Eritrea.svg.png
47,Estonia,Estonia,Estonia,https://upload.wikimedia.org/wikipedia/commons/thumb/8/8f/Flag_of_Estonia.svg/250px-Flag_of_Estonia.svg.png
48,Ethiopia,Ethiopia,Ethiopia,https://upload.wikimedia.org/wikipedia/commons/thumb/7/71/Flag_of_Ethiopia.svg/250px-Flag_of_Ethiopia.svg.png
49,FYR Macedonia,North Macedonia,North_Macedonia,https://upload.wikimedia.org/wikipedia/commons/thumb/7/79/Flag_of_North_Macedonia.svg/250px-Flag_of_North_Macedonia.svg.png
50,Faroe Islands,Faroe Islands,Faroe_Islands,https://upload.wikimedia.org/wikipedia/commons/thumb/3/3c/Flag_of_the_Faroe_Islands.svg/250px-Flag_of_the_Faroe_Islands.svg.png
51,Fiji,Fiji,Fiji,https://upload.wikimedia.org/wikipedia/commons/thumb/b/ba/Flag_of_Fiji.svg/250px-Flag_of_Fiji.svg.png
52,Finland,Finland,Finland,https://upload.wikimedia.org/wikipedia/commons/thumb/b/bc/Flag_of_Finland.svg/250px-Flag_of_Finland.svg.png
53,France,France,France,https://upload.wikimedia.org/wikipedia/en/thumb/c/c3/Flag_of_France.svg/250px-Flag_of_France.svg.png
54,Gabon,Gabon,Gabon,https://upload.wikimedia.org/wikipedia/commons/thumb/0/04/Flag_of_Gabon.svg/250px-Flag_of_Gabon.svg.png
55,Gambia,Gambia,Gambia,https://upload.wikimedia.org/wikipedia/commons/thumb/7/77/Flag_of_The_Gambia.svg/250px-Flag_of_The_Gambia.svg.png
56,Georgia,Georgia,Georgia,https://upload.wikimedia.org/wikipedia/commons/thumb/0/0f/Flag_of_Georgia.svg/250px-Flag_of_Georgia.svg.png
57,Germany,Germany,Germany,https://upload.wikimedia.org/wikipedia/en/thumb/b/ba/Flag_of_Germany.svg/250px-Flag_of_Germany.svg.png
58,Ghana,Ghana,Ghana,https://upload.wikimedia.org/wikipedia/commons/thumb/1/19/Flag_of_Ghana.svg/250px-Flag_of_Ghana.svg.png
59,Gibraltar,Gibraltar,Gibraltar,https://upload.wikimedia.org/wikipedia/commons/thumb/0/02/Flag_of_Gibraltar.svg/250px-Flag_of_Gibraltar.svg.png
60,Greece,Greece,Greece,https://upload.wikimedia.org/wikipedia/commons/thumb/5/5c/Flag_of_Greece.svg/250px-Flag_of_Greece.svg.png
61,Grenada,Grenada,Grenada,https://upload.wikimedia.org/wikipedia/commons/thumb/b/bc/Flag_of_Grenada.svg/250px-Flag_of_Grenada.svg.png
62,Guam,Guam,Guam,https://upload.wikimedia.org/wikipedia/commons/thumb/0/07/Flag_of_Guam.svg/250px-Flag_of_Guam.svg.png
63,Guatemala,Guatemala,Guatemala,https://upload.wikimedia.org/wikipedia/commons/thumb/e/ec/Flag_of_Guatemala.svg/250px-Flag_of_Guatemala.svg.png
64,Guinea,Guinea,Guinea,https://upload.wikimedia.org/wikipedia/commons/thumb/e/ed/Flag_of_Guinea.svg/250px-Flag_of_Guinea.svg.png
65,Guinea Bissau,Guinea Bissau,Guinea_Bissau,https://upload.wikimedia.org/wikipedia/commons/thumb/0/01/Flag_of_Guinea-Bissau.svg/250px-Flag_of_Guinea-Bissau.svg.png
66,Guyana,Guyana,Guyana,https://upload.wikimedia.org/wikipedia/commons/thumb/9/99/Flag_of_Guyana.svg/250px-Flag_of_Guyana.svg.png
67,Haiti,Haiti,Haiti,https://upload.wikimedia.org/wikipedia/commons/thumb/5/56/Flag_of_Haiti.svg/250px-Flag_of_Haiti.svg.png
68,Honduras,Honduras,Honduras,https://upload.wikimedia.org/wikipedia/commons/thumb/7/79/Flag_of_Honduras_%281949%E2%80%932022%2C_2026%E2%80%93present%29.svg/250px-Flag_of_Honduras_%281949%E2%80%932022%2C_2026%E2%80%93present%29.svg.png
69,Hong Kong,Hong Kong,Hong_Kong,https://upload.wikimedia.org/wikipedia/commons/thumb/5/5b/Flag_of_Hong_Kong.svg/250px-Flag_of_Hong_Kong.svg.png
70,Hungary,Hungary,Hungary,https://upload.wikimedia.org/wikipedia/commons/thumb/c/c1/Flag_of_Hungary.svg/250px-Flag_of_Hungary.svg.png
71,Iceland,Iceland,Iceland,https://upload.wikimedia.org/wikipedia/commons/thumb/c/ce/Flag_of_Iceland.svg/250px-Flag_of_Iceland.svg.png
72,India,India,India,https://upload.wikimedia.org/wikipedia/en/thumb/4/41/Flag_of_India.svg/250px-Flag_of_India.svg.png
73,Iran,Iran,Iran,https://upload.wikimedia.org/wikipedia/commons/thumb/b/be/Flag_of_Iran_%28official%29.svg/250px-Flag_of_Iran_%28official%29.svg.png
74,Iraq,Iraq,Iraq,https://upload.wikimedia.org/wikipedia/commons/thumb/f/f6/Flag_of_Iraq.svg/250px-Flag_of_Iraq.svg.png
75,Israel,Israel,Israel,https://upload.wikimedia.org/wikipedia/commons/thumb/d/d4/Flag_of_Israel.svg/250px-Flag_of_Israel.svg.png
76,Italy,Italy,Italy,https://upload.wikimedia.org/wikipedia/en/thumb/0/03/Flag_of_Italy.svg/250px-Flag_of_Italy.svg.png
77,Ivory Coast,Ivory Coast,Ivory_Coast,https://upload.wikimedia.org/wikipedia/commons/thumb/f/fe/Flag_of_C%C3%B4te_d%27Ivoire.svg/250px-Flag_of_C%C3%B4te_d%27Ivoire.svg.png
78,Jamaica,Jamaica,Jamaica,https://upload.wikimedia.org/wikipedia/commons/thumb/0/0a/Flag_of_Jamaica.svg/250px-Flag_of_Jamaica.svg.png
79,Japan,Japan,Japan,https://upload.wikimedia.org/wikipedia/en/thumb/9/9e/Flag_of_Japan.svg/250px-Flag_of_Japan.svg.png
80,Kazakhstan,Kazakhstan,Kazakhstan,https://upload.wikimedia.org/wikipedia/commons/thumb/d/d3/Flag_of_Kazakhstan.svg/250px-Flag_of_Kazakhstan.svg.png
81,Kenya,Kenya,Kenya,https://upload.wikimedia.org/wikipedia/commons/thumb/4/49/Flag_of_Kenya.svg/120px-Flag_of_Kenya.svg.png
82,Korea DPR,North Korea,North_Korea,https://upload.wikimedia.org/wikipedia/commons/thumb/8/86/Flag_of_North_Korea_%2820-33%29.svg/250px-Flag_of_North_Korea_%2820-33%29.svg.png
83,Korea Republic,South Korea,South_Korea,https://upload.wikimedia.org/wikipedia/commons/thumb/0/09/Flag_of_South_Korea.svg/250px-Flag_of_South_Korea.svg.png
84,Kosovo,Kosovo,Kosovo,https://upload.wikimedia.org/wikipedia/commons/thumb/1/1f/Flag_of_Kosovo.svg/250px-Flag_of_Kosovo.svg.png
85,Kuwait,Kuwait,Kuwait,https://upload.wikimedia.org/wikipedia/commons/thumb/a/aa/Flag_of_Kuwait.svg/250px-Flag_of_Kuwait.svg.png
86,Kyrgyzstan,Kyrgyzstan,Kyrgyzstan,https://upload.wikimedia.org/wikipedia/commons/thumb/c/c7/Flag_of_Kyrgyzstan.svg/250px-Flag_of_Kyrgyzstan.svg.png
87,Latvia,Latvia,Latvia,https://upload.wikimedia.org/wikipedia/commons/thumb/8/84/Flag_of_Latvia.svg/250px-Flag_of_Latvia.svg.png
88,Lebanon,Lebanon,Lebanon,https://upload.wikimedia.org/wikipedia/commons/thumb/5/59/Flag_of_Lebanon.svg/250px-Flag_of_Lebanon.svg.png
89,Liberia,Liberia,Liberia,https://upload.wikimedia.org/wikipedia/commons/thumb/b/b8/Flag_of_Liberia.svg/250px-Flag_of_Liberia.svg.png
90,Libya,Libya,Libya,https://upload.wikimedia.org/wikipedia/commons/thumb/0/05/Flag_of_Libya.svg/250px-Flag_of_Libya.svg.png
91,Liechtenstein,Liechtenstein,Liechtenstein,https://upload.wikimedia.org/wikipedia/commons/thumb/4/47/Flag_of_Liechtenstein.svg/250px-Flag_of_Liechtenstein.svg.png
92,Lithuania,Lithuania,Lithuania,https://upload.wikimedia.org/wikipedia/commons/thumb/1/11/Flag_of_Lithuania.svg/250px-Flag_of_Lithuania.svg.png
93,Luxembourg,Luxembourg,Luxembourg,https://upload.wikimedia.org/wikipedia/commons/thumb/d/da/Flag_of_Luxembourg.svg/250px-Flag_of_Luxembourg.svg.png
94,Madagascar,Madagascar,Madagascar,https://upload.wikimedia.org/wikipedia/commons/thumb/b/bc/Flag_of_Madagascar.svg/120px-Flag_of_Madagascar.svg.png
95,Mali,Mali,Mali,https://upload.wikimedia.org/wikipedia/commons/thumb/9/92/Flag_of_Mali.svg/250px-Flag_of_Mali.svg.png
96,Malta,Malta,Malta,https://upload.wikimedia.org/wikipedia/commons/thumb/7/73/Flag_of_Malta.svg/250px-Flag_of_Malta.svg.png
97,Mauritania,Mauritania,Mauritania,https://upload.wikimedia.org/wikipedia/commons/thumb/4/43/Flag_of_Mauritania.svg/250px-Flag_of_Mauritania.svg.png
98,Mauritius,Mauritius,Mauritius,https://upload.wikimedia.org/wikipedia/commons/thumb/7/77/Flag_of_Mauritius.svg/250px-Flag_of_Mauritius.svg.png
99,Mexico,Mexico,Mexico,https://upload.wikimedia.org/wikipedia/commons/thumb/f/fc/Flag_of_Mexico.svg/250px-Flag_of_Mexico.svg.png
100,Moldova,Moldova,Moldova,https://upload.wikimedia.org/wikipedia/commons/thumb/2/27/Flag_of_Moldova.svg/250px-Flag_of_Moldova.svg.png
101,Montenegro,Montenegro,Montenegro,https://upload.wikimedia.org/wikipedia/commons/thumb/6/64/Flag_of_Montenegro.svg/250px-Flag_of_Montenegro.svg.png
102,Montserrat,Montserrat,Montserrat,https://upload.wikimedia.org/wikipedia/commons/thumb/d/d0/Flag_of_Montserrat.svg/250px-Flag_of_Montserrat.svg.png
103,Morocco,Morocco,Morocco,https://upload.wikimedia.org/wikipedia/commons/thumb/2/2c/Flag_of_Morocco.svg/250px-Flag_of_Morocco.svg.png
104,Mozambique,Mozambique,Mozambique,https://upload.wikimedia.org/wikipedia/commons/thumb/d/d0/Flag_of_Mozambique.svg/250px-Flag_of_Mozambique.svg.png
105,Namibia,Namibia,Namibia,https://upload.wikimedia.org/wikipedia/commons/thumb/0/00/Flag_of_Namibia.svg/250px-Flag_of_Namibia.svg.png
106,Netherlands,Netherlands,Netherlands,https://upload.wikimedia.org/wikipedia/commons/thumb/2/20/Flag_of_the_Netherlands.svg/250px-Flag_of_the_Netherlands.svg.png
107,New Caledonia,New Caledonia,New_Caledonia,https://upload.wikimedia.org/wikipedia/commons/thumb/2/26/Flags_of_New_Caledonia.svg/250px-Flags_of_New_Caledonia.svg.png
108,New Zealand,New Zealand,New_Zealand,https://upload.wikimedia.org/wikipedia/commons/thumb/3/3e/Flag_of_New_Zealand.svg/250px-Flag_of_New_Zealand.svg.png
109,Niger,Niger,Niger,https://upload.wikimedia.org/wikipedia/commons/thumb/f/f4/Flag_of_Niger.svg/120px-Flag_of_Niger.svg.png
110,Nigeria,Nigeria,Nigeria,https://upload.wikimedia.org/wikipedia/commons/thumb/7/79/Flag_of_Nigeria.svg/250px-Flag_of_Nigeria.svg.png
111,Northern Ireland,Northern Ireland,Northern_Ireland,https://upload.wikimedia.org/wikipedia/commons/thumb/6/63/Flag_of_Northern_Ireland_%281924%E2%80%931953%29.svg/250px-Flag_of_Northern_Ireland_%281924%E2%80%931953%29.svg.png
112,Norway,Norway,Norway,https://upload.wikimedia.org/wikipedia/commons/thumb/d/d9/Flag_of_Norway.svg/250px-Flag_of_Norway.svg.png
113,Oman,Oman,Oman,https://upload.wikimedia.org/wikipedia/commons/thumb/d/dd/Flag_of_Oman.svg/250px-Flag_of_Oman.svg.png
114,Palestine,Palestine,Palestine,https://upload.wikimedia.org/wikipedia/commons/thumb/0/00/Flag_of_Palestine.svg/250px-Flag_of_Palestine.svg.png
115,Panama,Panama,Panama,https://upload.wikimedia.org/wikipedia/commons/thumb/a/ab/Flag_of_Panama.svg/250px-Flag_of_Panama.svg.png
116,Paraguay,Paraguay,Paraguay,https://upload.wikimedia.org/wikipedia/commons/thumb/2/27/Flag_of_Paraguay.svg/250px-Flag_of_Paraguay.svg.png
117,Peru,Peru,Peru,https://upload.wikimedia.org/wikipedia/commons/thumb/c/cf/Flag_of_Peru.svg/250px-Flag_of_Peru.svg.png
118,Philippines,Philippines,Philippines,https://upload.wikimedia.org/wikipedia/commons/thumb/9/99/Flag_of_the_Philippines.svg/250px-Flag_of_the_Philippines.svg.png
119,Poland,Poland,Poland,https://upload.wikimedia.org/wikipedia/en/thumb/1/12/Flag_of_Poland.svg/250px-Flag_of_Poland.svg.png
120,Portugal,Portugal,Portugal,https://upload.wikimedia.org/wikipedia/commons/thumb/a/a8/Flag_of_Portugal_%28official%29.svg/250px-Flag_of_Portugal_%28official%29.svg.png
121,Puerto Rico,Puerto Rico,Puerto_Rico,https://upload.wikimedia.org/wikipedia/commons/thumb/2/28/Flag_of_Puerto_Rico.svg/250px-Flag_of_Puerto_Rico.svg.png
122,Qatar,Qatar,Qatar,https://upload.wikimedia.org/wikipedia/commons/thumb/6/65/Flag_of_Qatar.svg/250px-Flag_of_Qatar.svg.png
123,Republic of Ireland,Republic of Ireland,Republic_of_Ireland,https://upload.wikimedia.org/wikipedia/commons/thumb/4/45/Flag_of_Ireland.svg/250px-Flag_of_Ireland.svg.png
124,Romania,Romania,Romania,https://upload.wikimedia.org/wikipedia/commons/thumb/7/73/Flag_of_Romania.svg/250px-Flag_of_Romania.svg.png
125,Russia,Russia,Russia,https://upload.wikimedia.org/wikipedia/en/thumb/f/f3/Flag_of_Russia.svg/250px-Flag_of_Russia.svg.png
126,San Marino,San Marino,San_Marino,https://upload.wikimedia.org/wikipedia/commons/thumb/b/b1/Flag_of_San_Marino.svg/250px-Flag_of_San_Marino.svg.png
127,Saudi Arabia,Saudi Arabia,Saudi_Arabia,https://upload.wikimedia.org/wikipedia/commons/thumb/0/0d/Flag_of_Saudi_Arabia.svg/250px-Flag_of_Saudi_Arabia.svg.png
128,Scotland,Scotland,Scotland,https://upload.wikimedia.org/wikipedia/commons/thumb/1/10/Flag_of_Scotland.svg/250px-Flag_of_Scotland.svg.png
129,Senegal,Senegal,Senegal,https://upload.wikimedia.org/wikipedia/commons/thumb/f/fd/Flag_of_Senegal.svg/250px-Flag_of_Senegal.svg.png
130,Serbia,Serbia,Serbia,https://upload.wikimedia.org/wikipedia/commons/thumb/f/ff/Flag_of_Serbia.svg/250px-Flag_of_Serbia.svg.png
131,Sierra Leone,Sierra Leone,Sierra_Leone,https://upload.wikimedia.org/wikipedia/commons/thumb/1/17/Flag_of_Sierra_Leone.svg/250px-Flag_of_Sierra_Leone.svg.png
132,Slovakia,Slovakia,Slovakia,https://upload.wikimedia.org/wikipedia/commons/thumb/e/e6/Flag_of_Slovakia.svg/250px-Flag_of_Slovakia.svg.png
133,Slovenia,Slovenia,Slovenia,https://upload.wikimedia.org/wikipedia/commons/thumb/f/f0/Flag_of_Slovenia.svg/250px-Flag_of_Slovenia.svg.png
134,Somalia,Somalia,Somalia,https://upload.wikimedia.org/wikipedia/commons/thumb/a/a0/Flag_of_Somalia.svg/250px-Flag_of_Somalia.svg.png
135,South Africa,South Africa,South_Africa,https://upload.wikimedia.org/wikipedia/commons/thumb/a/af/Flag_of_South_Africa.svg/250px-Flag_of_South_Africa.svg.png
136,Spain,Spain,Spain,https://upload.wikimedia.org/wikipedia/commons/thumb/2/24/Flag_of_the_Kingdom_of_Spain.svg/250px-Flag_of_the_Kingdom_of_Spain.svg.png
137,Sri Lanka,Sri Lanka,Sri_Lanka,https://upload.wikimedia.org/wikipedia/commons/thumb/1/11/Flag_of_Sri_Lanka.svg/250px-Flag_of_Sri_Lanka.svg.png
138,St Kitts Nevis,Saint Kitts and Nevis,Saint_Kitts_and_Nevis,https://upload.wikimedia.org/wikipedia/commons/thumb/f/fe/Flag_of_Saint_Kitts_and_Nevis.svg/250px-Flag_of_Saint_Kitts_and_Nevis.svg.png
139,St Lucia,Saint Lucia,Saint_Lucia,https://upload.wikimedia.org/wikipedia/commons/thumb/9/9f/Flag_of_Saint_Lucia.svg/250px-Flag_of_Saint_Lucia.svg.png
140,Sudan,Sudan,Sudan,https://upload.wikimedia.org/wikipedia/commons/thumb/0/01/Flag_of_Sudan.svg/250px-Flag_of_Sudan.svg.png
141,Suriname,Suriname,Suriname,https://upload.wikimedia.org/wikipedia/commons/thumb/6/60/Flag_of_Suriname.svg/250px-Flag_of_Suriname.svg.png
142,Swaziland,Swaziland,Swaziland,https://upload.wikimedia.org/wikipedia/commons/thumb/f/fb/Flag_of_Eswatini.svg/250px-Flag_of_Eswatini.svg.png
143,Sweden,Sweden,Sweden,https://upload.wikimedia.org/wikipedia/en/thumb/4/4c/Flag_of_Sweden.svg/250px-Flag_of_Sweden.svg.png
144,Switzerland,Switzerland,Switzerland,https://upload.wikimedia.org/wikipedia/commons/thumb/0/08/Flag_of_Switzerland_%28Pantone%29.svg/250px-Flag_of_Switzerland_%28Pantone%29.svg.png
145,Syria,Syria,Syria,https://upload.wikimedia.org/wikipedia/commons/thumb/5/54/Flag_of_Syria_%282025-%29.svg/250px-Flag_of_Syria_%282025-%29.svg.png
146,São Tomé & Príncipe,São Tomé and Príncipe,São_Tomé_and_Príncipe,https://upload.wikimedia.org/wikipedia/commons/thumb/0/0a/Flag_of_S%C3%A3o_Tom%C3%A9_and_Pr%C3%ADncipe.svg/250px-Flag_of_S%C3%A3o_Tom%C3%A9_and_Pr%C3%ADncipe.svg.png
147,Tanzania,Tanzania,Tanzania,https://upload.wikimedia.org/wikipedia/commons/thumb/3/38/Flag_of_Tanzania.svg/250px-Flag_of_Tanzania.svg.png
148,Thailand,Thailand,Thailand,https://upload.wikimedia.org/wikipedia/commons/thumb/a/a9/Flag_of_Thailand.svg/250px-Flag_of_Thailand.svg.png
149,Togo,Togo,Togo,https://upload.wikimedia.org/wikipedia/commons/thumb/6/68/Flag_of_Togo.svg/250px-Flag_of_Togo.svg.png
150,Trinidad & Tobago,Trinidad and Tobago,Trinidad_and_Tobago,https://upload.wikimedia.org/wikipedia/commons/thumb/6/64/Flag_of_Trinidad_and_Tobago.svg/250px-Flag_of_Trinidad_and_Tobago.svg.png
151,Tunisia,Tunisia,Tunisia,https://upload.wikimedia.org/wikipedia/commons/thumb/c/ce/Flag_of_Tunisia.svg/250px-Flag_of_Tunisia.svg.png
152,Turkey,Turkey,Turkey,https://upload.wikimedia.org/wikipedia/commons/thumb/b/b4/Flag_of_Turkey.svg/250px-Flag_of_Turkey.svg.png
153,Turkmenistan,Turkmenistan,Turkmenistan,https://upload.wikimedia.org/wikipedia/commons/thumb/1/1b/Flag_of_Turkmenistan.svg/120px-Flag_of_Turkmenistan.svg.png
154,Uganda,Uganda,Uganda,https://upload.wikimedia.org/wikipedia/commons/thumb/4/4e/Flag_of_Uganda.svg/250px-Flag_of_Uganda.svg.png
155,Ukraine,Ukraine,Ukraine,https://upload.wikimedia.org/wikipedia/commons/thumb/4/49/Flag_of_Ukraine.svg/250px-Flag_of_Ukraine.svg.png
156,United States,United States,United_States,https://upload.wikimedia.org/wikipedia/commons/thumb/9/96/Flag_of_the_United_States_%28DDD-F-416E_specifications%29.svg/250px-Flag_of_the_United_States_%28DDD-F-416E_specifications%29.svg.png
157,Uruguay,Uruguay,Uruguay,https://upload.wikimedia.org/wikipedia/commons/thumb/f/fe/Flag_of_Uruguay.svg/250px-Flag_of_Uruguay.svg.png
158,Uzbekistan,Uzbekistan,Uzbekistan,https://upload.wikimedia.org/wikipedia/commons/thumb/8/84/Flag_of_Uzbekistan.svg/250px-Flag_of_Uzbekistan.svg.png
159,Venezuela,Venezuela,Venezuela,https://upload.wikimedia.org/wikipedia/commons/thumb/0/06/Flag_of_Venezuela.svg/250px-Flag_of_Venezuela.svg.png
160,Vietnam,Vietnam,Vietnam,https://upload.wikimedia.org/wikipedia/commons/thumb/2/21/Flag_of_Vietnam.svg/250px-Flag_of_Vietnam.svg.png
161,Wales,Wales,Wales,https://upload.wikimedia.org/wikipedia/commons/thumb/d/dc/Flag_of_Wales.svg/250px-Flag_of_Wales.svg.png
162,Zambia,Zambia,Zambia,https://upload.wikimedia.org/wikipedia/commons/thumb/0/06/Flag_of_Zambia.svg/250px-Flag_of_Zambia.svg.png
163,Zimbabwe,Zimbabwe,Zimbabwe,https://upload.wikimedia.org/wikipedia/commons/thumb/6/6a/Flag_of_Zimbabwe.svg/250px-Flag_of_Zimbabwe.svg.png
